batch_no,molecules_acquired,hits_acquired,hit_rate,mean_prediction,mean_uncertainty
0,6023,18.0,0.0029885439149925285,,
1,100,0.0,0.0,0.02997359713539481,0.01464041872881353
2,100,1.0,0.01,0.0028909767814911903,0.0019667137251235547
3,100,0.0,0.0,0.0036118013854138553,0.003067224002443254
4,100,1.0,0.01,0.0035556983342394234,0.0043351271632127465
5,100,1.0,0.01,0.0024145062011666596,0.0031964995223097504
6,100,0.0,0.0,0.0015567258594091982,0.0017389250395353883
7,100,1.0,0.01,0.001435824508080259,0.00210793930105865
8,100,0.0,0.0,0.0007994547777343541,0.0011677025485550985
9,100,1.0,0.01,0.0011172882828395813,0.0014450121216941624
10,100,1.0,0.01,0.0005895603622775525,0.0007788176683243364
11,100,2.0,0.02,0.0010262927616713569,0.001465329413767904
12,100,0.0,0.0,0.0008184800838353112,0.0011327438050648198
13,100,0.0,0.0,0.0008589872176526114,0.0012139346287585796
14,100,0.0,0.0,0.001651113184634596,0.001982498491415754
15,100,2.0,0.02,0.0016741799423471092,0.0031038679415360095
16,100,0.0,0.0,0.0010867275344207882,0.0014947323373053223
17,100,1.0,0.01,0.0015508887066971512,0.00391416892176494
18,100,0.0,0.0,0.0009024684398900718,0.0010088376404019073
19,100,1.0,0.01,0.0004573432108736597,0.0008465333812637255
20,100,0.0,0.0,0.0006346249784110114,0.000678485399694182
21,100,2.0,0.02,0.0011762643198017031,0.001719926968216896
22,100,0.0,0.0,0.0011207630811259151,0.0015123137831687928
23,100,0.0,0.0,0.0006377835513558239,0.0010678384325001388
24,100,1.0,0.01,0.0006514397164573893,0.001061810910468921
25,100,0.0,0.0,0.0005413070769282058,0.0008127137529663742
26,100,1.0,0.01,0.000471292691945564,0.0008416022680466994
27,100,0.0,0.0,0.0003732111977296881,0.000710096824914217
28,100,0.0,0.0,0.00046054491016548125,0.0008767302485648543
29,100,0.0,0.0,0.00044372091506375,0.0009865344967693091
30,100,0.0,0.0,0.000500193756306544,0.001086548151797615
31,100,0.0,0.0,0.00036792258266359567,0.0005660162615822628
32,100,1.0,0.01,0.0004626132213161327,0.0006852387631079182
33,100,1.0,0.01,0.00035622337280074136,0.0005667278266628273
34,100,0.0,0.0,0.00033999518607743086,0.0005217252054717391
35,100,0.0,0.0,0.00025389418005943297,0.00036721125477924945
36,100,0.0,0.0,0.0002130814001429826,0.00028232677257619796
37,100,0.0,0.0,0.0001284815918188542,0.0002165743628575001
38,100,0.0,0.0,0.00011793602541729342,0.00015938682307023555
39,100,0.0,0.0,0.0001607111889461521,0.0002553509282006417
40,100,0.0,0.0,0.000275707136024721,0.000427914023748599
41,100,2.0,0.02,0.0004894606440211647,0.0005049690380110406
42,100,0.0,0.0,0.00026562726037809625,0.00042371311486931516
43,100,0.0,0.0,0.00035672921541845425,0.0005541845015250147
44,100,0.0,0.0,0.00024546531145460906,0.00037628065882017837
45,100,0.0,0.0,0.00017245442912098953,0.00029023144830716776
46,100,1.0,0.01,0.0006854147423291579,0.001517456374131143
47,100,0.0,0.0,0.00025308275886345657,0.00038475829642266036
48,100,0.0,0.0,0.00011860265527502634,0.0001436974824173376
49,100,0.0,0.0,5.09543150474201e-05,7.099780639691745e-05
50,100,4.0,0.04,0.000335479756759014,0.0005141717431251891
51,100,1.0,0.01,0.00010123056199518032,0.0001147339509043377
52,100,0.0,0.0,0.00010787802406412084,0.0001371909121371573
53,100,0.0,0.0,0.0002053063645143993,0.0003855975790065713
54,100,0.0,0.0,0.0001606118785275612,0.000252107809210429
55,100,0.0,0.0,0.00035851870226906614,0.000827785274013877
56,100,0.0,0.0,0.0004341206155368127,0.0007209890830563382
57,100,0.0,0.0,9.405862583662383e-05,0.0001627861033193767
58,100,1.0,0.01,7.210116607893724e-05,0.00011312569207802881
59,100,0.0,0.0,0.0001917567107011564,0.00021160325093660503
60,100,0.0,0.0,0.0001937035023001954,0.00035073318955255675
61,100,1.0,0.01,0.0006083764019422233,0.0007651893491856754
62,100,0.0,0.0,0.00023751357759465463,0.0002935108536621556
63,100,0.0,0.0,0.0004142394979135133,0.0007552151236450299
64,100,0.0,0.0,0.0001880399786750786,0.000259726318763569
65,100,1.0,0.01,0.0007780374691355973,0.0011192842072341592
66,100,0.0,0.0,0.00012959842846612445,0.00017383885584422388
67,100,0.0,0.0,0.00035303324984852224,0.00043804179469589147
68,100,0.0,0.0,0.0003432476666057482,0.00043894756061490625
69,100,1.0,0.01,0.00013095984948449768,0.00026043290563393384
70,100,0.0,0.0,0.0008556529006455094,0.0021776578295975924
71,100,0.0,0.0,0.00011758249005652033,0.00015476112777832896
72,100,0.0,0.0,0.00027666075940942393,0.00040073957352433355
73,100,5.0,0.05,0.0002105566805403214,0.000391331862192601
74,100,0.0,0.0,5.1522197063604834e-05,8.017500826099422e-05
75,100,0.0,0.0,0.0003640996859758161,0.0004440571559825912
76,100,0.0,0.0,0.00015538564519374632,0.00015835965154110455
77,100,0.0,0.0,0.0007482647633878514,0.0010712040483485908
78,100,0.0,0.0,0.0001384809306182433,0.00021863917747396043
79,100,0.0,0.0,0.00010135970325791276,0.00014567524500307626
80,100,2.0,0.02,0.0004631033632904291,0.0008074342203326523
81,100,0.0,0.0,0.00037982495938194917,0.0006093077821424231
82,100,0.0,0.0,0.0005049398867413401,0.0007569611875806004
83,100,0.0,0.0,0.00025936110847396776,0.000418713366962038
84,100,0.0,0.0,3.947565746784676e-05,3.940342201531166e-05
85,100,0.0,0.0,0.0002072251900972333,0.00029844617703929545
86,100,0.0,0.0,0.00012654890335397795,0.0001480436374549754
87,100,0.0,0.0,0.0002615446550771594,0.0005188822382478975
88,100,0.0,0.0,0.000756360637024045,0.001634266854962334
89,100,0.0,0.0,0.00016275992820737883,0.00021924758431850932
90,100,0.0,0.0,0.00039843729173298924,0.0008590643329080194
91,100,0.0,0.0,0.00011338700976921246,0.00021894866644288412
92,100,0.0,0.0,0.0002088550389453303,0.0002756133362709079
93,100,0.0,0.0,0.000368871757236775,0.0004089533633668907
94,100,1.0,0.01,0.00041166410286678,0.0009566042956430465
95,100,0.0,0.0,0.0001287215910269879,0.0001838499165023677
96,100,0.0,0.0,0.0002513160402304493,0.0004670685439486988
97,100,1.0,0.01,0.0001710251440817956,0.00030364204110810533
98,100,1.0,0.01,0.0002631330382428132,0.00059903803630732
99,100,1.0,0.01,0.0003615069380612113,0.0006304701353656128
100,100,0.0,0.0,5.618584578769514e-05,4.8174465300689915e-05
101,100,0.0,0.0,1.1428954860548401e-06,6.110130938452585e-07
102,100,0.0,0.0,1.2702476324193412e-05,1.6699618954589822e-05
103,100,0.0,0.0,4.885742673650384e-05,6.095802444178844e-05
104,100,0.0,0.0,5.8926668571075426e-05,7.621010030561592e-05
105,100,0.0,0.0,3.3141589046863376e-05,4.525028129137354e-05
106,100,0.0,0.0,1.1486430025797744e-06,9.277235483295953e-07
107,100,0.0,0.0,3.370304691543424e-06,2.6414683020448136e-06
108,100,1.0,0.01,1.0020952195191058e-05,1.0942270728264703e-05
109,100,0.0,0.0,1.7420032490917948e-05,1.2760996587530827e-05
110,100,0.0,0.0,2.1895498662161118e-06,9.91554649090176e-07
111,100,1.0,0.01,1.8029091170319588e-05,2.2736116115993354e-05
112,100,0.0,0.0,1.6922989689192037e-05,2.3786686870153063e-05
113,100,0.0,0.0,1.3782681417069398e-05,1.8355144311499318e-05
114,100,0.0,0.0,4.723097126770881e-06,3.4386382094453437e-06
115,100,0.0,0.0,1.5695022864292695e-06,1.0799609265177423e-06
116,100,5.0,0.05,6.562572139955592e-05,8.864163093676325e-05
117,100,0.0,0.0,1.5548361297987866e-05,1.2893165549030527e-05
118,100,1.0,0.01,6.257809786802682e-06,5.9101494707647366e-06
119,100,2.0,0.02,0.00010353969730203972,0.00010818726164870895
120,100,0.0,0.0,6.050438355487131e-06,5.276261426843121e-06
121,100,0.0,0.0,1.0545854847805458e-05,1.00388722421485e-05
122,100,0.0,0.0,2.2499539022646787e-06,2.7413214570515264e-06
123,100,0.0,0.0,6.675196629657876e-05,9.38242516713217e-05
124,100,0.0,0.0,9.211005899487645e-06,1.1901889483851847e-05
125,100,0.0,0.0,1.0848279384845228e-06,6.470058679042267e-07
126,100,1.0,0.01,3.7134244630578903e-05,4.940634036756819e-05
127,100,1.0,0.01,2.420287139557331e-06,1.7177537552015565e-06
128,100,1.0,0.01,4.9172548597198325e-06,3.4959508093379554e-06
129,100,0.0,0.0,1.0156200269193504e-05,1.1817671393146156e-05
130,100,0.0,0.0,7.78878081291623e-06,6.102208326410618e-06
131,100,0.0,0.0,9.572298686180148e-06,1.0260375538564404e-05
132,100,0.0,0.0,3.236885390833777e-07,3.6898829961273807e-07
133,100,0.0,0.0,6.817208000029495e-06,9.375026302222977e-06
134,100,0.0,0.0,1.345633265827928e-06,1.56919810706313e-06
135,100,0.0,0.0,4.128750879317522e-06,4.811017684005492e-06
136,100,0.0,0.0,2.2642290014118773e-06,2.2689319916935346e-06
137,100,3.0,0.03,2.072480539936805e-05,2.638981472045998e-05
138,100,0.0,0.0,8.587337487142576e-07,6.708229886953632e-07
139,100,0.0,0.0,3.975724623160204e-05,4.1457674087723716e-05
140,100,0.0,0.0,2.760251280051307e-05,3.706623090693029e-05
141,100,0.0,0.0,6.413991206500214e-05,8.584185619838536e-05
142,100,0.0,0.0,1.4917784574208781e-06,1.368355208342109e-06
143,100,0.0,0.0,9.197598483297043e-06,9.761972833075561e-06
144,100,0.0,0.0,1.6667581718365908e-07,1.3317325155526306e-07
145,100,0.0,0.0,1.2642915032756718e-06,8.516271009284537e-07
146,100,0.0,0.0,2.153880112018669e-05,2.371016929828329e-05
147,100,0.0,0.0,2.863846070795262e-06,1.9006598301984923e-06
148,100,0.0,0.0,1.1329746248520678e-05,1.0794710669870256e-05
149,100,0.0,0.0,2.2010147858964047e-06,1.0312699481573872e-06
150,100,0.0,0.0,4.54073948731093e-06,6.100772652644082e-06
151,100,1.0,0.01,8.02159565864713e-07,5.820731053063355e-07
152,100,0.0,0.0,1.2328552804774518e-06,1.296604298204329e-06
153,100,0.0,0.0,4.7444406362728843e-07,2.6997497670322446e-07
154,100,0.0,0.0,6.909540288688731e-06,4.855560223404609e-06
155,100,0.0,0.0,1.4325623476452165e-06,1.1486869595955795e-06
156,100,0.0,0.0,4.792619288309652e-06,5.123796368025068e-06
157,100,0.0,0.0,1.3167713362349786e-07,6.223874752464554e-08
158,100,1.0,0.01,1.5744157753943e-05,2.2080162561906036e-05
159,100,0.0,0.0,1.9792581642832374e-05,2.7641693959594706e-05
160,100,0.0,0.0,1.088283419221625e-06,1.252898849770645e-06
161,100,0.0,0.0,9.171891615551431e-06,1.2279544907869422e-05
162,100,0.0,0.0,3.656840622170421e-06,4.92297225719085e-06
163,100,0.0,0.0,1.020021423983053e-06,7.549914624860321e-07
164,100,0.0,0.0,3.76328696438577e-05,5.1608556786959526e-05
165,100,2.0,0.02,2.9316710351849908e-05,3.089981610173709e-05
166,100,0.0,0.0,1.0940668917100993e-05,1.509412895757123e-05
167,100,2.0,0.02,9.172891868729493e-06,1.2191146197437774e-05
168,100,0.0,0.0,1.8639039935806068e-05,2.6086928610311588e-05
169,100,0.0,0.0,1.115789940513423e-06,1.0496971702878e-06
170,100,0.0,0.0,3.884728459979669e-06,5.0731274950521765e-06
171,100,0.0,0.0,2.988763581015519e-06,3.237720670767885e-06
172,100,0.0,0.0,2.1836619481518938e-07,1.5653446993724174e-07
173,100,0.0,0.0,2.029722390943789e-06,2.227133902579226e-06
174,100,0.0,0.0,2.42390680614335e-05,3.062950878302218e-05
175,100,0.0,0.0,7.797267362548156e-06,9.462425969104516e-06
176,100,0.0,0.0,2.832822087839304e-06,3.7915377674835325e-06
177,100,0.0,0.0,9.514941866655136e-06,1.2183767657916179e-05
178,100,0.0,0.0,2.9964711870889006e-06,3.6843240718553718e-06
179,100,2.0,0.02,1.8051420938718364e-05,2.5233083815692224e-05
180,100,0.0,0.0,8.385798528252053e-06,5.327373291947879e-06
181,100,0.0,0.0,5.448808860819554e-07,5.049712152072061e-07
182,100,5.0,0.05,0.00015139928276767023,0.00010029460303485393
183,100,0.0,0.0,0.00013970247629913502,0.00019706964943907223
184,100,0.0,0.0,6.16690453512092e-07,4.810363844853782e-07
185,100,0.0,0.0,3.0409366740968834e-06,3.0181273041307576e-06
186,100,0.0,0.0,2.6054653858409436e-06,3.5135067582814373e-06
187,100,0.0,0.0,2.3447033436241325e-06,2.6576418690638095e-06
