iteration,n_labeled,n_hits,pct_molecules_acquired,pct_hits_discovered
0,1000,3.0,0.8349545367254753,0.8746355685131195
1,1200,48.0,1.0019454440705704,13.994169096209912
2,1400,74.0,1.1689363514156654,21.574344023323615
3,1600,128.0,1.3359272587607605,37.31778425655977
4,1800,143.0,1.5029181661058555,41.690962099125365
5,2000,153.0,1.6699090734509505,44.606413994169095
6,2200,156.0,1.8368999807960456,45.481049562682216
7,2400,165.0,2.003890888141141,48.10495626822158
8,2600,186.0,2.1708817954862356,54.22740524781341
9,2800,209.0,2.337872702831331,60.932944606414
10,3000,220.0,2.504863610176426,64.1399416909621
11,3200,226.0,2.671854517521521,65.88921282798835
12,3400,228.0,2.838845424866616,66.47230320699708
13,3600,231.0,3.005836332211711,67.3469387755102
14,3800,241.0,3.172827239556806,70.26239067055393
15,4000,245.0,3.339818146901901,71.42857142857143
16,4200,247.0,3.5068090542469963,72.01166180758017
17,4400,248.0,3.673799961592091,72.30320699708454
18,4600,250.0,3.8407908689371864,72.8862973760933
19,4800,252.0,4.007781776282282,73.46938775510205
20,5000,254.0,4.174772683627377,74.05247813411079
21,5200,256.0,4.341763590972471,74.63556851311954
22,5400,258.0,4.5087544983175665,75.21865889212827
23,5600,261.0,4.675745405662662,76.0932944606414
24,5800,265.0,4.842736313007757,77.25947521865889
25,6000,271.0,5.009727220352852,79.00874635568513
26,6200,275.0,5.176718127697947,80.17492711370262
27,6400,279.0,5.343709035043042,81.34110787172013
28,6600,285.0,5.510699942388137,83.09037900874635
29,6800,286.0,5.677690849733232,83.38192419825073
30,7000,286.0,5.844681757078328,83.38192419825073
31,7200,290.0,6.011672664423422,84.54810495626822
32,7400,290.0,6.178663571768517,84.54810495626822
33,7600,290.0,6.345654479113612,84.54810495626822
34,7800,290.0,6.512645386458707,84.54810495626822
35,8000,291.0,6.679636293803802,84.8396501457726
36,8200,291.0,6.846627201148897,84.8396501457726
37,8400,291.0,7.013618108493993,84.8396501457726
38,8600,292.0,7.180609015839087,85.13119533527697
39,8800,292.0,7.347599923184182,85.13119533527697
40,9000,292.0,7.5145908305292775,85.13119533527697
41,9200,292.0,7.681581737874373,85.13119533527697
42,9400,293.0,7.848572645219468,85.42274052478133
43,9600,294.0,8.015563552564563,85.71428571428571
44,9800,294.0,8.182554459909658,85.71428571428571
45,10000,294.0,8.349545367254754,85.71428571428571
46,10200,294.0,8.516536274599847,85.71428571428571
47,10400,295.0,8.683527181944942,86.0058309037901
48,10600,295.0,8.850518089290038,86.0058309037901
49,10800,295.0,9.017508996635133,86.0058309037901
50,11000,295.0,9.184499903980228,86.0058309037901
